{
  "project_info": {
    "project_number": "31677174140",
    "project_id": "final1tornike-da-qurdadze",
    "storage_bucket": "final1tornike-da-qurdadze.appspot.com"
  },
  "client": [
    {
      "client_info": {
        "mobilesdk_app_id": "1:31677174140:android:d369979d30f8c15d3cd4f9",
        "android_client_info": {
          "package_name": "com.example.afinal"
        }
      },
      "oauth_client": [
        {
          "client_id": "31677174140-7dfgs8492nmqbkb1a92khgvafqak8aif.apps.googleusercontent.com",
          "client_type": 3
        }
      ],
      "api_key": [
        {
          "current_key": "AIzaSyBsU6QCyeEaKKbPcBKGfVeekFkI8h2WuKI"
        }
      ],
      "services": {
        "appinvite_service": {
          "other_platform_oauth_client": [
            {
              "client_id": "31677174140-7dfgs8492nmqbkb1a92khgvafqak8aif.apps.googleusercontent.com",
              "client_type": 3
            }
          ]
        }
      }
    }
  ],
  "configuration_version": "1"
}